Auction Date,Property Address,Final Judgment,Assessed Value,Plaintiff Max Bid,Case #,Parcel ID,Case Link,Parcel Link
05/04/2026 10:00 AM ET,"5528 CANAL DR 10 LAKE WORTH, FL- 33463","$12,698,625.38",,"$12,698,625.38",502020CA009303XXXXMB,00424511000007000,https://palmbeach.realforeclose.com//index.cfm?zaction=auction&zmethod=details&AID=502020CA009303XXXXMB&bypassPage=1,https://pcpao.gov/Parcel-Details/00424511000007000
05/04/2026 10:00 AM ET,"554 W 1ST ST WEST PALM BEACH, FL- 33404","$85,690.98",,Hidden,502023CA014568XXXAMB,56434233110002170,https://palmbeach.realforeclose.com//index.cfm?zaction=auction&zmethod=details&AID=502023CA014568XXXAMB&bypassPage=1,https://pcpao.gov/Parcel-Details/56434233110002170
05/04/2026 10:00 AM ET,"262 TIMBERWALK TRL JUPITER, FL- 33458","$311,269.71",,"$178,463.47",502024CA006395XXXAMB,ALCOHOLIC,https://palmbeach.realforeclose.com//index.cfm?zaction=auction&zmethod=details&AID=502024CA006395XXXAMB&bypassPage=1,https://pcpao.gov/Parcel-Details/ALCOHOLIC
05/04/2026 10:00 AM ET,"5067 ANGOLA CIR LAKE WORTH, FL- 33463","$10,869.11",,"$10,869.11",502024CC012088XXXAMB,00424434290003000,https://palmbeach.realforeclose.com//index.cfm?zaction=auction&zmethod=details&AID=502024CC012088XXXAMB&bypassPage=1,https://pcpao.gov/Parcel-Details/00424434290003000
05/04/2026 10:00 AM ET,"1909 SHOMA DR ROYAL PALM BEACH, FL- 33414","$26,716.33",,"$26,716.33",502025CA003755XXXAMB,72414401120192070,https://palmbeach.realforeclose.com//index.cfm?zaction=auction&zmethod=details&AID=502025CA003755XXXAMB&bypassPage=1,https://pcpao.gov/Parcel-Details/72414401120192070
05/04/2026 10:00 AM ET,"207 SW 8TH CT DELRAY BEACH, FL- 33444","$635,296.63",,"$635,296.63",502025CA008439XXXAMB,12434620020010071,https://palmbeach.realforeclose.com//index.cfm?zaction=auction&zmethod=details&AID=502025CA008439XXXAMB&bypassPage=1,https://pcpao.gov/Parcel-Details/12434620020010071
05/04/2026 10:00 AM ET,"3138 VIA POINCIANA 210 LAKE WORTH, FL- 33467","$22,869.00",,"$22,869.00",502025CC015521XXXAWB,00424421210002100,https://palmbeach.realforeclose.com//index.cfm?zaction=auction&zmethod=details&AID=502025CC015521XXXAWB&bypassPage=1,https://pcpao.gov/Parcel-Details/00424421210002100
05/05/2026 10:00 AM ET,"2146 SW 13TH ST DELRAY BEACH, FL- 33445","$199,348.58",,"$199,348.58",502025CA002520XXXAMB,12434619030050100,https://palmbeach.realforeclose.com//index.cfm?zaction=auction&zmethod=details&AID=502025CA002520XXXAMB&bypassPage=1,https://pcpao.gov/Parcel-Details/12434619030050100
05/05/2026 10:00 AM ET,"17142 LUDOVICA LN BOCA RATON, FL- 33496","$1,915,014.12",,"$2,020,812.62",502025CA003651XXXAMB,00424631110001900,https://palmbeach.realforeclose.com//index.cfm?zaction=auction&zmethod=details&AID=502025CA003651XXXAMB&bypassPage=1,https://pcpao.gov/Parcel-Details/00424631110001900
05/06/2026 10:00 AM ET,"934 PASEO CASTALLA WEST PALM BEACH, FL- 33405","$357,353.34",,"$357,353.34",502024CA006899XXXAMB,74434333060050071,https://palmbeach.realforeclose.com//index.cfm?zaction=auction&zmethod=details&AID=502024CA006899XXXAMB&bypassPage=1,https://pcpao.gov/Parcel-Details/74434333060050071
05/07/2026 10:00 AM ET,"5936 CORSON PL LAKE WORTH, FL- 33463","$181,786.73",,"$181,786.73",502022CA006929XXXXMB,00424434360004140,https://palmbeach.realforeclose.com//index.cfm?zaction=auction&zmethod=details&AID=502022CA006929XXXXMB&bypassPage=1,https://pcpao.gov/Parcel-Details/00424434360004140
05/07/2026 10:00 AM ET,"401 4TH TERRACE PALM BEACH GARDENS, FL- 33418-3603","$380,801.40",,"$380,801.40",502025CA007853XXXAMB,Property,https://palmbeach.realforeclose.com//index.cfm?zaction=auction&zmethod=details&AID=502025CA007853XXXAMB&bypassPage=1,https://pcpao.gov/Parcel-Details/Property
05/07/2026 10:00 AM ET,"920 SUNFLOWER AVE DELRAY BEACH, FL- 33445","$602,118.64",,"$602,118.64",502025CA008239XXXAMB,12424612140010840,https://palmbeach.realforeclose.com//index.cfm?zaction=auction&zmethod=details&AID=502025CA008239XXXAMB&bypassPage=1,https://pcpao.gov/Parcel-Details/12424612140010840
05/07/2026 10:00 AM ET,"15217 LAKES OF DELRAY BLVD 90 DELRAY BEACH, FL- 33484","$16,516.22",,"$17,019.36",502025CA010432XXXAMB,00424623420030900,https://palmbeach.realforeclose.com//index.cfm?zaction=auction&zmethod=details&AID=502025CA010432XXXAMB&bypassPage=1,https://pcpao.gov/Parcel-Details/00424623420030900
05/11/2026 10:00 AM ET,"1861 BOMAR DR NORTH PALM BEACH, FL- 33408","$495,513.80",,"$288,300.00",502018CA012856XXXXMB,00434204030000040,https://palmbeach.realforeclose.com//index.cfm?zaction=auction&zmethod=details&AID=502018CA012856XXXXMB&bypassPage=1,https://pcpao.gov/Parcel-Details/00434204030000040
05/11/2026 10:00 AM ET,"1951 SMITH DR NORTH PALM BEACH, FL- 33408","$529,835.04",,"$529,835.04",502023CA009295XXXXMB,00434204010000130,https://palmbeach.realforeclose.com//index.cfm?zaction=auction&zmethod=details&AID=502023CA009295XXXXMB&bypassPage=1,https://pcpao.gov/Parcel-Details/00434204010000130
05/11/2026 10:00 AM ET,"4804 WATERVIEW CIR PALM SPRINGS, FL- 33461","$249,110.43",,"$249,110.43",502023CA014855XXXAMB,70434419240000484,https://palmbeach.realforeclose.com//index.cfm?zaction=auction&zmethod=details&AID=502023CA014855XXXAMB&bypassPage=1,https://pcpao.gov/Parcel-Details/70434419240000484
05/11/2026 10:00 AM ET,"1408 LAKE BASS DR LAKE WORTH, FL- 33461","$295,863.53",,"$295,863.53",502024CA001029XXXAMB,00434432050170270,https://palmbeach.realforeclose.com//index.cfm?zaction=auction&zmethod=details&AID=502024CA001029XXXAMB&bypassPage=1,https://pcpao.gov/Parcel-Details/00434432050170270
05/11/2026 10:00 AM ET,"711 12TH AVE N LAKE WORTH BEACH, FL- 33460","$470,038.59",,"$470,038.59",502025CA000657XXXAMB,38434421153460080,https://palmbeach.realforeclose.com//index.cfm?zaction=auction&zmethod=details&AID=502025CA000657XXXAMB&bypassPage=1,https://pcpao.gov/Parcel-Details/38434421153460080
05/11/2026 10:00 AM ET,"6 GREENWAY VILLAGE N 105 ROYAL PALM BEACH, FL- 33411","$195,038.66",,"$195,038.66",502025CA001412XXXAMB,72414326060061050,https://palmbeach.realforeclose.com//index.cfm?zaction=auction&zmethod=details&AID=502025CA001412XXXAMB&bypassPage=1,https://pcpao.gov/Parcel-Details/72414326060061050
05/11/2026 10:00 AM ET,"5978 LAS COLINAS CIR LAKE WORTH, FL- 33463","$59,987.56",,"$59,987.56",502025CA001544XXXAMB,00424502050000310,https://palmbeach.realforeclose.com//index.cfm?zaction=auction&zmethod=details&AID=502025CA001544XXXAMB&bypassPage=1,https://pcpao.gov/Parcel-Details/00424502050000310
05/11/2026 10:00 AM ET,"14041 80TH LN N LOXAHATCHEE, FL- 33470","$701,232.60",,"$701,232.60",502025CA003497XXXAMB,00414220000005970,https://palmbeach.realforeclose.com//index.cfm?zaction=auction&zmethod=details&AID=502025CA003497XXXAMB&bypassPage=1,https://pcpao.gov/Parcel-Details/00414220000005970
05/11/2026 10:00 AM ET,"15676 BOTTLEBRUSH CIR DELRAY BEACH, FL- 33484","$91,234.55",,Hidden,502025CA003676XXXAMB,00424623070020030,https://palmbeach.realforeclose.com//index.cfm?zaction=auction&zmethod=details&AID=502025CA003676XXXAMB&bypassPage=1,https://pcpao.gov/Parcel-Details/00424623070020030
05/11/2026 10:00 AM ET,"5014 NAUTICA LAKE CIR GREENACRES, FL- 33463","$474,683.82",,"$474,683.82",502025CA003828XXXAMB,18424435120000960,https://palmbeach.realforeclose.com//index.cfm?zaction=auction&zmethod=details&AID=502025CA003828XXXAMB&bypassPage=1,https://pcpao.gov/Parcel-Details/18424435120000960
05/12/2026 10:00 AM ET,"2427 PRESIDENTIAL WAY 701 WEST PALM BEACH, FL- 33401","$160,136.04",,"$162,320.73",502024CA000939XXXAMB,74434318080000701,https://palmbeach.realforeclose.com//index.cfm?zaction=auction&zmethod=details&AID=502024CA000939XXXAMB&bypassPage=1,https://pcpao.gov/Parcel-Details/74434318080000701
05/12/2026 10:00 AM ET,"126 VICTORIAN LN JUPITER, FL- 33458","$621,358.07",,"$621,358.07",502024CA008443XXXAMB,30424027140000430,https://palmbeach.realforeclose.com//index.cfm?zaction=auction&zmethod=details&AID=502024CA008443XXXAMB&bypassPage=1,https://pcpao.gov/Parcel-Details/30424027140000430
05/12/2026 10:00 AM ET,"152 BERENGER WALK ROYAL PALM BEACH, FL- 33414","$1,173,259.04",,Hidden,502025CA005095XXXAMB,MULTIPLE,https://palmbeach.realforeclose.com//index.cfm?zaction=auction&zmethod=details&AID=502025CA005095XXXAMB&bypassPage=1,https://pcpao.gov/Parcel-Details/MULTIPLE
05/12/2026 10:00 AM ET,"18633 92ND LN N LOXAHATCHEE, FL- 33470","$563,783.15",,"$563,783.15",502025CA009927XXXAMB,00404215000007330,https://palmbeach.realforeclose.com//index.cfm?zaction=auction&zmethod=details&AID=502025CA009927XXXAMB&bypassPage=1,https://pcpao.gov/Parcel-Details/00404215000007330
05/13/2026 10:00 AM ET,"469 NE 35TH ST BOCA RATON, FL- 33431","$550,231.20",,"$547,582.20",502024CA006577XXXAMB,06434708040540231,https://palmbeach.realforeclose.com//index.cfm?zaction=auction&zmethod=details&AID=502024CA006577XXXAMB&bypassPage=1,https://pcpao.gov/Parcel-Details/06434708040540231
05/13/2026 10:00 AM ET,"12640 CORAL LAKES DR BOYNTON BEACH, FL- 33437","$46,449.61",,"$46,449.61",502024CA007204XXXAMB,00424603080000210,https://palmbeach.realforeclose.com//index.cfm?zaction=auction&zmethod=details&AID=502024CA007204XXXAMB&bypassPage=1,https://pcpao.gov/Parcel-Details/00424603080000210
05/13/2026 10:00 AM ET,"1208 MARINE WAY 708 NORTH PALM BEACH, FL- 33408","$28,340.50",,"$28,340.50",502024CC007424XXXASB,68434209190017080,https://palmbeach.realforeclose.com//index.cfm?zaction=auction&zmethod=details&AID=502024CC007424XXXASB&bypassPage=1,https://pcpao.gov/Parcel-Details/68434209190017080
05/13/2026 10:00 AM ET,"12373 EQUINE LN WELLINGTON, FL- 33414","$22,352.12",,"$716,876.00",502025CA000288XXXAMB,Property,https://palmbeach.realforeclose.com//index.cfm?zaction=auction&zmethod=details&AID=502025CA000288XXXAMB&bypassPage=1,https://pcpao.gov/Parcel-Details/Property
05/13/2026 10:00 AM ET,"9769 BOZZANO DR DELRAY BEACH, FL- 33446","$2,007,388.30",,"$2,007,388.30",502025CA004718XXXAMB,00424630110005840,https://palmbeach.realforeclose.com//index.cfm?zaction=auction&zmethod=details&AID=502025CA004718XXXAMB&bypassPage=1,https://pcpao.gov/Parcel-Details/00424630110005840
05/13/2026 10:00 AM ET,"4786 PINE CONE LN WEST PALM BEACH, FL- 33417","$297,621.04",,"$297,621.04",502025CA005265XXXAMB,00424325100030181,https://palmbeach.realforeclose.com//index.cfm?zaction=auction&zmethod=details&AID=502025CA005265XXXAMB&bypassPage=1,https://pcpao.gov/Parcel-Details/00424325100030181
05/13/2026 10:00 AM ET,"13159 ARTISAN CIR PALM BEACH GARDENS, FL- 33418","$1,850,336.86",,"$1,850,336.86",502025CA005791XXXAMB,52424126080002950,https://palmbeach.realforeclose.com//index.cfm?zaction=auction&zmethod=details&AID=502025CA005791XXXAMB&bypassPage=1,https://pcpao.gov/Parcel-Details/52424126080002950
05/13/2026 10:00 AM ET,"247 LAKE MONTEREY CIR BOYNTON BEACH, FL- 33426","$25,255.15",,"$25,255.15",502025CA007214XXXAMB,08434605170190010,https://palmbeach.realforeclose.com//index.cfm?zaction=auction&zmethod=details&AID=502025CA007214XXXAMB&bypassPage=1,https://pcpao.gov/Parcel-Details/08434605170190010
05/13/2026 10:00 AM ET,"9105 EQUUS CIR BOYNTON BEACH, FL- 33472","$19,471.50",,"$19,471.50",502025CA008235XXXAMB,00424518080000410,https://palmbeach.realforeclose.com//index.cfm?zaction=auction&zmethod=details&AID=502025CA008235XXXAMB&bypassPage=1,https://pcpao.gov/Parcel-Details/00424518080000410
05/14/2026 10:00 AM ET,"1474 13TH ST WEST PALM BEACH, FL- 33401","$229,843.08",,"$229,843.08",502019CA015364XXXXMB,74434309070360320,https://palmbeach.realforeclose.com//index.cfm?zaction=auction&zmethod=details&AID=502019CA015364XXXXMB&bypassPage=1,https://pcpao.gov/Parcel-Details/74434309070360320
05/14/2026 10:00 AM ET,"15920 46TH LANE S WELLINGTON, FL- 33414","$2,411,085.60",,"$2,411,085.60",502024CA011171XXXAMB,Property,https://palmbeach.realforeclose.com//index.cfm?zaction=auction&zmethod=details&AID=502024CA011171XXXAMB&bypassPage=1,https://pcpao.gov/Parcel-Details/Property
05/14/2026 10:00 AM ET,"7830 STIRLING BRIDGE BLVD S DELRAY BEACH, FL- 33446","$17,403.61",,"$17,403.61",502025CA005319XXXAMB,Property,https://palmbeach.realforeclose.com//index.cfm?zaction=auction&zmethod=details&AID=502025CA005319XXXAMB&bypassPage=1,https://pcpao.gov/Parcel-Details/Property
05/14/2026 10:00 AM ET,"7558 GREENVILLE CIR LAKE WORTH, FL- 33467","$164,264.21",,"$164,264.21",502025CA005983XXXAMB,00424504180010840,https://palmbeach.realforeclose.com//index.cfm?zaction=auction&zmethod=details&AID=502025CA005983XXXAMB&bypassPage=1,https://pcpao.gov/Parcel-Details/00424504180010840
05/18/2026 10:00 AM ET,"14772 ORANGE BLVD LOXAHATCHEE, FL- 33470","$689,258.82",,"$689,258.82",502023CA000502XXXXMB,00414232000003080,https://palmbeach.realforeclose.com//index.cfm?zaction=auction&zmethod=details&AID=502023CA000502XXXXMB&bypassPage=1,https://pcpao.gov/Parcel-Details/00414232000003080
05/18/2026 10:00 AM ET,"7187 VILLAMAR WAY LAKE WORTH, FL- 33463","$562,182.78",,"$562,182.78",502024CA003565XXXAMB,00424512360001910,https://palmbeach.realforeclose.com//index.cfm?zaction=auction&zmethod=details&AID=502024CA003565XXXAMB&bypassPage=1,https://pcpao.gov/Parcel-Details/00424512360001910
05/18/2026 10:00 AM ET,"1822 N N ST LAKE WORTH, FL- 33460","$500,225.77",,"$500,225.77",502024CA012258XXXAMB,38434415160060040,https://palmbeach.realforeclose.com//index.cfm?zaction=auction&zmethod=details&AID=502024CA012258XXXAMB&bypassPage=1,https://pcpao.gov/Parcel-Details/38434415160060040
05/18/2026 10:00 AM ET,"8484 GRAND PRIX LN BOYNTON BEACH, FL- 33472","$1,447,834.17",,"$1,487,004.60",502025CA001116XXXAMB,00424517100001760,https://palmbeach.realforeclose.com//index.cfm?zaction=auction&zmethod=details&AID=502025CA001116XXXAMB&bypassPage=1,https://pcpao.gov/Parcel-Details/00424517100001760
05/18/2026 10:00 AM ET,"3450 S OCEAN BLVD 6150 PALM BEACH, FL- 33480","$42,567,324.83",,"$94,918.98",502025CA004167XXXAMB,MULTIPLE,https://palmbeach.realforeclose.com//index.cfm?zaction=auction&zmethod=details&AID=502025CA004167XXXAMB&bypassPage=1,https://pcpao.gov/Parcel-Details/MULTIPLE
05/18/2026 10:00 AM ET,"219 N L ST 100 LAKE WORTH BEACH, FL- 33460","$286,535.77",,"$286,535.77",502025CA007722XXXAMB,38434422380000010,https://palmbeach.realforeclose.com//index.cfm?zaction=auction&zmethod=details&AID=502025CA007722XXXAMB&bypassPage=1,https://pcpao.gov/Parcel-Details/38434422380000010
05/18/2026 10:00 AM ET,"6215 EATON ST WEST PALM BEACH, FL- 33411","$405,233.49",,"$405,233.49",502025CA008732XXXAMB,74424315050003230,https://palmbeach.realforeclose.com//index.cfm?zaction=auction&zmethod=details&AID=502025CA008732XXXAMB&bypassPage=1,https://pcpao.gov/Parcel-Details/74424315050003230
05/18/2026 10:00 AM ET,"5305 CLEVELAND RD DELRAY BEACH, FL- 33484","$467,869.31",,"$467,869.31",502025CA009085XXXAMB,00424623030007791,https://palmbeach.realforeclose.com//index.cfm?zaction=auction&zmethod=details&AID=502025CA009085XXXAMB&bypassPage=1,https://pcpao.gov/Parcel-Details/00424623030007791
05/18/2026 10:00 AM ET,"519 N J ST 1 LAKE WORTH, FL- 33460","$169,122.07",,"$169,122.07",502025CA010372XXXAMB,38434421151500230,https://palmbeach.realforeclose.com//index.cfm?zaction=auction&zmethod=details&AID=502025CA010372XXXAMB&bypassPage=1,https://pcpao.gov/Parcel-Details/38434421151500230
05/19/2026 10:00 AM ET,"18238 COVINA WAY BOCA RATON, FL- 33498","$457,712.36",,"$457,712.36",502022CA000642XXXXMB,00414701190000670,https://palmbeach.realforeclose.com//index.cfm?zaction=auction&zmethod=details&AID=502022CA000642XXXXMB&bypassPage=1,https://pcpao.gov/Parcel-Details/00414701190000670
05/20/2026 10:00 AM ET,"6069 HELICONIA RD DELRAY BEACH, FL- 33484","$190,065.65",,"$190,065.65",502022CA005724XXXXMB,00424622240042080,https://palmbeach.realforeclose.com//index.cfm?zaction=auction&zmethod=details&AID=502022CA005724XXXXMB&bypassPage=1,https://pcpao.gov/Parcel-Details/00424622240042080
05/20/2026 10:00 AM ET,"777 CARISSA DR ROYAL PALM BEACH, FL- 33411","$423,945.60",,"$423,945.60",502023CA009400XXXXMB,72414335020070010,https://palmbeach.realforeclose.com//index.cfm?zaction=auction&zmethod=details&AID=502023CA009400XXXXMB&bypassPage=1,https://pcpao.gov/Parcel-Details/72414335020070010
05/20/2026 10:00 AM ET,"10766 VERSAILLES BLVD WELLINGTON, FL- 33449","$1,009,744.72",,"$1,009,744.72",502023CA011181XXXXMB,73414424050002840,https://palmbeach.realforeclose.com//index.cfm?zaction=auction&zmethod=details&AID=502023CA011181XXXXMB&bypassPage=1,https://pcpao.gov/Parcel-Details/73414424050002840
05/20/2026 10:00 AM ET,"18428 VIA DI VERONA BOCA RATON, FL- 33496","$107,331.72",,"$310,605.24",502024CA003779XXXAMB,Property,https://palmbeach.realforeclose.com//index.cfm?zaction=auction&zmethod=details&AID=502024CA003779XXXAMB&bypassPage=1,https://pcpao.gov/Parcel-Details/Property
05/21/2026 10:00 AM ET,"3641 CHESAPEAKE CT WELLINGTON, FL- 33414","$35,934.30","$472,560.00","$35,934.30",502017CA010903XXXXMB,73414423080000470,https://palmbeach.realforeclose.com//index.cfm?zaction=auction&zmethod=details&AID=502017CA010903XXXXMB&bypassPage=1,https://pcpao.gov/Parcel-Details/73414423080000470
05/21/2026 10:00 AM ET,"560 BETHANY LN HAVERHILL, FL- 33415","$905,648.08",,"$905,648.08",502024CA009457XXXAMB,22424335050250030,https://palmbeach.realforeclose.com//index.cfm?zaction=auction&zmethod=details&AID=502024CA009457XXXAMB&bypassPage=1,https://pcpao.gov/Parcel-Details/22424335050250030
05/21/2026 10:00 AM ET,"7061 DUBONNET DR BOCA RATON, FL- 33433","$50,236.25",,"$50,236.25",502025CC017271XXXASB,00424721280000500,https://palmbeach.realforeclose.com//index.cfm?zaction=auction&zmethod=details&AID=502025CC017271XXXASB&bypassPage=1,https://pcpao.gov/Parcel-Details/00424721280000500
05/26/2026 10:00 AM ET,"90 SOUTH BLVD 1D BOYNTON BEACH, FL- 33435","$56,506.92",,"$56,506.92",502024CA001636XXXAMB,08434533150900040,https://palmbeach.realforeclose.com//index.cfm?zaction=auction&zmethod=details&AID=502024CA001636XXXAMB&bypassPage=1,https://pcpao.gov/Parcel-Details/08434533150900040
05/26/2026 10:00 AM ET,"8017 ABERDEEN DR 201 BOYNTON BEACH, FL- 33472","$25,326.92","$121,500.00","$25,326.92",502025CA002671XXXAMB,00424515090082010,https://palmbeach.realforeclose.com//index.cfm?zaction=auction&zmethod=details&AID=502025CA002671XXXAMB&bypassPage=1,https://pcpao.gov/Parcel-Details/00424515090082010
05/26/2026 10:00 AM ET,"1717 FOREST LAKES CIR C WEST PALM BEACH, FL- 33406","$133,600.46",,"$133,600.46",502025CA003452XXXAMB,00424412220002910,https://palmbeach.realforeclose.com//index.cfm?zaction=auction&zmethod=details&AID=502025CA003452XXXAMB&bypassPage=1,https://pcpao.gov/Parcel-Details/00424412220002910
05/26/2026 10:00 AM ET,"5454 FIRENZE DR H BOYNTON BEACH, FL- 33437","$344,300.18",,"$200,000.00",502025CA004217XXXAMB,00424523090052608,https://palmbeach.realforeclose.com//index.cfm?zaction=auction&zmethod=details&AID=502025CA004217XXXAMB&bypassPage=1,https://pcpao.gov/Parcel-Details/00424523090052608
05/26/2026 10:00 AM ET,"8 MEADOWS PARK LN BOYNTON BEACH, FL- 33436","$205,253.30",,"$205,253.30",502025CA007268XXXAMB,08434507100000080,https://palmbeach.realforeclose.com//index.cfm?zaction=auction&zmethod=details&AID=502025CA007268XXXAMB&bypassPage=1,https://pcpao.gov/Parcel-Details/08434507100000080
05/26/2026 10:00 AM ET,"18 AMHERST CT D ROYAL PALM BEACH, FL- 33411","$396,576.87",,"$396,576.87",502025CA007886XXXAMB,72414323080000184,https://palmbeach.realforeclose.com//index.cfm?zaction=auction&zmethod=details&AID=502025CA007886XXXAMB&bypassPage=1,https://pcpao.gov/Parcel-Details/72414323080000184
05/26/2026 10:00 AM ET,"3146 VIA POINCIANA 303 LAKE WORTH, FL- 33467","$34,485.02",,"$34,485.02",502025CA008182XXXAMB,00424422480063030,https://palmbeach.realforeclose.com//index.cfm?zaction=auction&zmethod=details&AID=502025CA008182XXXAMB&bypassPage=1,https://pcpao.gov/Parcel-Details/00424422480063030
05/26/2026 10:00 AM ET,"10655 SHORE DR BOCA RATON, FL- 33428","$55,072.55",,"$55,072.55",502025CA008814XXXAMB,00414725020003120,https://palmbeach.realforeclose.com//index.cfm?zaction=auction&zmethod=details&AID=502025CA008814XXXAMB&bypassPage=1,https://pcpao.gov/Parcel-Details/00414725020003120
05/26/2026 10:00 AM ET,"608 SE 2ND AVE DELRAY BEACH, FL- 33483","$751,576.32",,"$751,576.32",502025CA009871XXXAMB,12434621010070390,https://palmbeach.realforeclose.com//index.cfm?zaction=auction&zmethod=details&AID=502025CA009871XXXAMB&bypassPage=1,https://pcpao.gov/Parcel-Details/12434621010070390
05/26/2026 10:00 AM ET,"468 NORMANDY J DELRAY BEACH, FL- 33484","$104,595.90",,"$104,595.90",502025CA011684XXXAMB,00424622130104680,https://palmbeach.realforeclose.com//index.cfm?zaction=auction&zmethod=details&AID=502025CA011684XXXAMB&bypassPage=1,https://pcpao.gov/Parcel-Details/00424622130104680
05/27/2026 10:00 AM ET,"1809 S CLUB DR WELLINGTON, FL- 33414","$536,854.23",,"$536,854.23",502024CA007012XXXAMB,73414407040000080,https://palmbeach.realforeclose.com//index.cfm?zaction=auction&zmethod=details&AID=502024CA007012XXXAMB&bypassPage=1,https://pcpao.gov/Parcel-Details/73414407040000080
05/27/2026 10:00 AM ET,"16318 SEA TURTLE PL WESTLAKE, FL- 33470","$8,622.05",,"$8,622.05",502024CA012038XXXAMB,77404312140001460,https://palmbeach.realforeclose.com//index.cfm?zaction=auction&zmethod=details&AID=502024CA012038XXXAMB&bypassPage=1,https://pcpao.gov/Parcel-Details/77404312140001460
05/27/2026 10:00 AM ET,"62 WILLOW CIR BOYNTON BEACH, FL- 33436","$462,785.19",,"$462,785.19",502025CA006085XXXAMB,08434530200000620,https://palmbeach.realforeclose.com//index.cfm?zaction=auction&zmethod=details&AID=502025CA006085XXXAMB&bypassPage=1,https://pcpao.gov/Parcel-Details/08434530200000620
05/27/2026 10:00 AM ET,"4725 LUCERNE LAKES BLVD EAST # LAKE WORTH, FL- 33467","$15,799.90",,"$15,799.90",502025CA007735XXXAMB,Property,https://palmbeach.realforeclose.com//index.cfm?zaction=auction&zmethod=details&AID=502025CA007735XXXAMB&bypassPage=1,https://pcpao.gov/Parcel-Details/Property
05/28/2026 10:00 AM ET,"6105 SEVEN SPRINGS BLVD GREENACRES, FL- 33463","$89,593.50",,"$89,593.50",502022CA006726XXXXMB,18424422450000362,https://palmbeach.realforeclose.com//index.cfm?zaction=auction&zmethod=details&AID=502022CA006726XXXXMB&bypassPage=1,https://pcpao.gov/Parcel-Details/18424422450000362
05/28/2026 10:00 AM ET,"5260 DEERHURST CRESCENT CIR BOCA RATON, FL- 33486","$530,644.97",,"$530,644.97",502024CA001652XXXAMB,06424735090020150,https://palmbeach.realforeclose.com//index.cfm?zaction=auction&zmethod=details&AID=502024CA001652XXXAMB&bypassPage=1,https://pcpao.gov/Parcel-Details/06424735090020150
05/28/2026 10:00 AM ET,"550 OKEECHOBEE BLVD UNIT 1103 WEST PALM BEACH, FL- 33401","$390,028.16",,"$390,028.16",502025CA000563XXXAMB,74434328340001103,https://palmbeach.realforeclose.com//index.cfm?zaction=auction&zmethod=details&AID=502025CA000563XXXAMB&bypassPage=1,https://pcpao.gov/Parcel-Details/74434328340001103
05/28/2026 10:00 AM ET,"8293 BERMUDA SOUND WAY BOYNTON BEACH, FL- 33436","$261,860.53",,"$261,860.53",502025CA003035XXXAMB,08424513150002930,https://palmbeach.realforeclose.com//index.cfm?zaction=auction&zmethod=details&AID=502025CA003035XXXAMB&bypassPage=1,https://pcpao.gov/Parcel-Details/08424513150002930
05/28/2026 10:00 AM ET,"4200 PALM BAY CIR D WEST PALM BEACH, FL- 33406","$9,731.90",,"$9,731.90",502025CA011533XXXAMB,00424401250000544,https://palmbeach.realforeclose.com//index.cfm?zaction=auction&zmethod=details&AID=502025CA011533XXXAMB&bypassPage=1,https://pcpao.gov/Parcel-Details/00424401250000544
05/29/2026 10:00 AM ET,"15979 MATARO BAY CT DELRAY BEACH, FL- 33446","$31,004.55",,"$31,004.55",502025CC010441XXXASB,00424619070000080,https://palmbeach.realforeclose.com//index.cfm?zaction=auction&zmethod=details&AID=502025CC010441XXXASB&bypassPage=1,https://pcpao.gov/Parcel-Details/00424619070000080
06/01/2026 10:00 AM ET,"1571 NW 20TH AVE 104 DELRAY BEACH, FL- 33445","$400,182.49",,"$400,182.49",502022CA005253XXXXMB,12434607050641040,https://palmbeach.realforeclose.com//index.cfm?zaction=auction&zmethod=details&AID=502022CA005253XXXXMB&bypassPage=1,https://pcpao.gov/Parcel-Details/12434607050641040
06/01/2026 10:00 AM ET,"300 OCEAN TRAIL WAY 103 JUPITER, FL- 33477","$445,376.63",,"$445,376.63",502023CA008578XXXXMB,30434105120030103,https://palmbeach.realforeclose.com//index.cfm?zaction=auction&zmethod=details&AID=502023CA008578XXXXMB&bypassPage=1,https://pcpao.gov/Parcel-Details/30434105120030103
06/01/2026 10:00 AM ET,"6896 140TH AVE N WEST PALM BEACH, FL- 33412","$215,269.77",,"$215,269.77",502023CA010360XXXXMB,00414233000003200,https://palmbeach.realforeclose.com//index.cfm?zaction=auction&zmethod=details&AID=502023CA010360XXXXMB&bypassPage=1,https://pcpao.gov/Parcel-Details/00414233000003200
06/01/2026 10:00 AM ET,"3814 GREENWOOD AVE WEST PALM BEACH, FL- 33407","$28,575.54",,"$28,575.54",502025CA000159XXXAMB,74434309050560190,https://palmbeach.realforeclose.com//index.cfm?zaction=auction&zmethod=details&AID=502025CA000159XXXAMB&bypassPage=1,https://pcpao.gov/Parcel-Details/74434309050560190
06/01/2026 10:00 AM ET,"11656 154TH RD N JUPITER, FL- 33478","$247,583.84",,"$247,583.84",502025CA001846XXXAMB,00414114000007300,https://palmbeach.realforeclose.com//index.cfm?zaction=auction&zmethod=details&AID=502025CA001846XXXAMB&bypassPage=1,https://pcpao.gov/Parcel-Details/00414114000007300
06/01/2026 10:00 AM ET,"8311 WATERWAY DR LAKE CLARKE SHORES, FL- 33406",$0.00,,$0.00,502025CA003364XXXAMB,34434417180000120,https://palmbeach.realforeclose.com//index.cfm?zaction=auction&zmethod=details&AID=502025CA003364XXXAMB&bypassPage=1,https://pcpao.gov/Parcel-Details/34434417180000120
06/01/2026 10:00 AM ET,"3580 AIKEN CT WELLINGTON, FL- 33414","$2,100,000.00",,Hidden,502025CA003440XXXAMB,73414421030000230,https://palmbeach.realforeclose.com//index.cfm?zaction=auction&zmethod=details&AID=502025CA003440XXXAMB&bypassPage=1,https://pcpao.gov/Parcel-Details/73414421030000230
06/01/2026 10:00 AM ET,"11804 WIMBLEDON CIRCLE WELLINGTON, FL- 33414","$15,132.45",,"$15,132.45",502025CA005033XXXAMB,Property,https://palmbeach.realforeclose.com//index.cfm?zaction=auction&zmethod=details&AID=502025CA005033XXXAMB&bypassPage=1,https://pcpao.gov/Parcel-Details/Property
06/02/2026 10:00 AM ET,"194 MASTIC TREE CT ROYAL PALM BEACH, FL- 33411","$15,169.23",,"$15,169.23",502025CA004914XXXAMB,72414326210001940,https://palmbeach.realforeclose.com//index.cfm?zaction=auction&zmethod=details&AID=502025CA004914XXXAMB&bypassPage=1,https://pcpao.gov/Parcel-Details/72414326210001940
06/03/2026 10:00 AM ET,"2696 FLAMANGO LAKE DR WEST PALM BEACH, FL- 33406","$221,297.48",,"$221,297.48",502024CA005195XXXAMB,00434405190000170,https://palmbeach.realforeclose.com//index.cfm?zaction=auction&zmethod=details&AID=502024CA005195XXXAMB&bypassPage=1,https://pcpao.gov/Parcel-Details/00434405190000170
06/03/2026 10:00 AM ET,"4005 ROCKS POINT PL RIVIERA BEACH, FL- 33407","$17,692.22",,"$17,692.22",502025CA007649XXXAMB,56424236360001130,https://palmbeach.realforeclose.com//index.cfm?zaction=auction&zmethod=details&AID=502025CA007649XXXAMB&bypassPage=1,https://pcpao.gov/Parcel-Details/56424236360001130
06/08/2026 10:00 AM ET,"301 SW 9TH AVE BOYNTON BEACH, FL- 33435","$511,697.44",,"$511,697.44",502023CA013385XXXAMB,08434528220080450,https://palmbeach.realforeclose.com//index.cfm?zaction=auction&zmethod=details&AID=502023CA013385XXXAMB&bypassPage=1,https://pcpao.gov/Parcel-Details/08434528220080450
06/08/2026 10:00 AM ET,"17928 36TH CT N LOXAHATCHEE, FL- 33470","$654,381.77",,"$654,381.77",502024CA009569XXXAMB,00404314000004060,https://palmbeach.realforeclose.com//index.cfm?zaction=auction&zmethod=details&AID=502024CA009569XXXAMB&bypassPage=1,https://pcpao.gov/Parcel-Details/00404314000004060
06/08/2026 10:00 AM ET,"5235 EUROPA DR M BOYNTON BEACH, FL- 33437","$18,241.94",,"$18,241.94",502025CA000429XXXAMB,00424523140001613,https://palmbeach.realforeclose.com//index.cfm?zaction=auction&zmethod=details&AID=502025CA000429XXXAMB&bypassPage=1,https://pcpao.gov/Parcel-Details/00424523140001613
06/08/2026 10:00 AM ET,"178 JONES CREEK DR JUPITER, FL- 33458","$434,334.26",,"$434,334.26",502025CA001565XXXAMB,30424111230000330,https://palmbeach.realforeclose.com//index.cfm?zaction=auction&zmethod=details&AID=502025CA001565XXXAMB&bypassPage=1,https://pcpao.gov/Parcel-Details/30424111230000330
06/08/2026 10:00 AM ET,"3155 NW 9TH ST DELRAY BEACH, FL- 33445","$209,600.59",,"$209,600.59",502025CA003819XXXAMB,12434607150090040,https://palmbeach.realforeclose.com//index.cfm?zaction=auction&zmethod=details&AID=502025CA003819XXXAMB&bypassPage=1,https://pcpao.gov/Parcel-Details/12434607150090040
06/08/2026 10:00 AM ET,"1274 TANGLED ORCHARD TRCE LOXAHATCHEE, FL- 33470","$579,282.20",,"$579,282.20",502025CA010910XXXAMB,00404327050000930,https://palmbeach.realforeclose.com//index.cfm?zaction=auction&zmethod=details&AID=502025CA010910XXXAMB&bypassPage=1,https://pcpao.gov/Parcel-Details/00404327050000930
06/08/2026 10:00 AM ET,"15484 LAKES OF DELRAY BLVD 206 DELRAY BEACH, FL- 33484","$17,057.81",,"$17,057.81",502025CA011836XXXAMB,00424623280012060,https://palmbeach.realforeclose.com//index.cfm?zaction=auction&zmethod=details&AID=502025CA011836XXXAMB&bypassPage=1,https://pcpao.gov/Parcel-Details/00424623280012060
06/08/2026 10:00 AM ET,"1064 SIENA OAKS CIR E PALM BEACH GARDENS, FL- 33410","$285,042.80",,"$285,042.80",502025CA012355XXXAMB,52434207280000640,https://palmbeach.realforeclose.com//index.cfm?zaction=auction&zmethod=details&AID=502025CA012355XXXAMB&bypassPage=1,https://pcpao.gov/Parcel-Details/52434207280000640
06/08/2026 10:00 AM ET,"866 NW 25TH AVE DELRAY BEACH, FL- 33445","$19,038.18",,"$19,038.18",502025CC017204XXXAMB,12434607030040090,https://palmbeach.realforeclose.com//index.cfm?zaction=auction&zmethod=details&AID=502025CC017204XXXAMB&bypassPage=1,https://pcpao.gov/Parcel-Details/12434607030040090
06/09/2026 10:00 AM ET,"285 TUSCANY E DELRAY BEACH, FL- 33446","$234,990.56",,"$234,990.56",502024CA005741XXXAMB,00424622050042850,https://palmbeach.realforeclose.com//index.cfm?zaction=auction&zmethod=details&AID=502024CA005741XXXAMB&bypassPage=1,https://pcpao.gov/Parcel-Details/00424622050042850
06/09/2026 10:00 AM ET,"5800 FERNLEY DR W 53 WEST PALM BEACH, FL- 33415","$144,640.16",,"$144,640.16",502025CA001875XXXAMB,00424414560000530,https://palmbeach.realforeclose.com//index.cfm?zaction=auction&zmethod=details&AID=502025CA001875XXXAMB&bypassPage=1,https://pcpao.gov/Parcel-Details/00424414560000530
06/09/2026 10:00 AM ET,"5600 N FLAGLER DR 2703 WEST PALM BEACH, FL- 33407","$99,049.51",,"$99,049.51",502025CA001925XXXAMB,74434304250012703,https://palmbeach.realforeclose.com//index.cfm?zaction=auction&zmethod=details&AID=502025CA001925XXXAMB&bypassPage=1,https://pcpao.gov/Parcel-Details/74434304250012703
06/09/2026 10:00 AM ET,"11889 OSPREY POINTE CIR WELLINGTON, FL- 33449","$669,471.79",,"$669,471.79",502025CA005825XXXAMB,73414426040000360,https://palmbeach.realforeclose.com//index.cfm?zaction=auction&zmethod=details&AID=502025CA005825XXXAMB&bypassPage=1,https://pcpao.gov/Parcel-Details/73414426040000360
06/09/2026 10:00 AM ET,"11889 OSPREY POINTE CIR WELLINGTON, FL- 33449","$669,471.79",,"$669,471.79",502025CA005826XXXAMB,73414426040000360,https://palmbeach.realforeclose.com//index.cfm?zaction=auction&zmethod=details&AID=502025CA005826XXXAMB&bypassPage=1,https://pcpao.gov/Parcel-Details/73414426040000360
06/09/2026 10:00 AM ET,"769 DAFFODIL DR WELLINGTON, FL- 33414","$278,250.56",,"$278,250.56",502025CA007657XXXAMB,73414404010050150,https://palmbeach.realforeclose.com//index.cfm?zaction=auction&zmethod=details&AID=502025CA007657XXXAMB&bypassPage=1,https://pcpao.gov/Parcel-Details/73414404010050150
06/09/2026 10:00 AM ET,"505 SPENCER DR 307 WEST PALM BEACH, FL- 33409","$46,097.31",,"$46,097.31",502025CA007691XXXAMB,74434319140003070,https://palmbeach.realforeclose.com//index.cfm?zaction=auction&zmethod=details&AID=502025CA007691XXXAMB&bypassPage=1,https://pcpao.gov/Parcel-Details/74434319140003070
06/09/2026 10:00 AM ET,"7032 CHESAPEAKE CIR BOYNTON BEACH, FL- 33436","$557,828.50",,"$557,828.50",502025CA008769XXXAMB,08434507170002830,https://palmbeach.realforeclose.com//index.cfm?zaction=auction&zmethod=details&AID=502025CA008769XXXAMB&bypassPage=1,https://pcpao.gov/Parcel-Details/08434507170002830
06/09/2026 10:00 AM ET,"9436 LAGO DR BOYNTON BEACH, FL- 33472","$70,592.05",,"$70,592.05",502025CA010701XXXAMB,00424518050000320,https://palmbeach.realforeclose.com//index.cfm?zaction=auction&zmethod=details&AID=502025CA010701XXXAMB&bypassPage=1,https://pcpao.gov/Parcel-Details/00424518050000320
06/10/2026 10:00 AM ET,"1585 W 36TH ST RIVIERA BEACH, FL- 33404","$60,838.34",,"$60,838.34",502024CA011064XXXAMB,56434229020060010,https://palmbeach.realforeclose.com//index.cfm?zaction=auction&zmethod=details&AID=502024CA011064XXXAMB&bypassPage=1,https://pcpao.gov/Parcel-Details/56434229020060010
06/10/2026 10:00 AM ET,"196 BANDOL ST RIVIERA BEACH, FL- 33404","$8,589.51",,"$8,589.51",502024CA011410XXXAMB,56434228700000010,https://palmbeach.realforeclose.com//index.cfm?zaction=auction&zmethod=details&AID=502024CA011410XXXAMB&bypassPage=1,https://pcpao.gov/Parcel-Details/56434228700000010
06/10/2026 10:00 AM ET,"9413 BOCA GARDENS CIR S B BOCA RATON, FL- 33496","$42,659.47",,"$42,659.47",502024CC000801XXXAMB,00424706050970020,https://palmbeach.realforeclose.com//index.cfm?zaction=auction&zmethod=details&AID=502024CC000801XXXAMB&bypassPage=1,https://pcpao.gov/Parcel-Details/00424706050970020
06/10/2026 10:00 AM ET,"58 VIA DE CASAS NORTE BOYNTON BEACH, FL- 33426","$14,824.46","$205,000.00","$14,824.46",502025CA010880XXXAMB,08434517030150580,https://palmbeach.realforeclose.com//index.cfm?zaction=auction&zmethod=details&AID=502025CA010880XXXAMB&bypassPage=1,https://pcpao.gov/Parcel-Details/08434517030150580
06/10/2026 10:00 AM ET,"2048 RESTON CIR ROYAL PALM BEACH, FL- 33411","$11,410.12",,"$11,410.12",502025CC010355XXXAMB,72414315070030130,https://palmbeach.realforeclose.com//index.cfm?zaction=auction&zmethod=details&AID=502025CC010355XXXAMB&bypassPage=1,https://pcpao.gov/Parcel-Details/72414315070030130
06/11/2026 10:00 AM ET,"2551 CANTERBURY DR S RIVIERA BEACH, FL- 33407","$2,555,356.22",,"$294,828.09",502024CA007663XXXAMB,MULTIPLE,https://palmbeach.realforeclose.com//index.cfm?zaction=auction&zmethod=details&AID=502024CA007663XXXAMB&bypassPage=1,https://pcpao.gov/Parcel-Details/MULTIPLE
06/11/2026 10:00 AM ET,"7286 HUNTINGTON LN 204 DELRAY BEACH, FL- 33446","$392,391.44","$146,185.00","$40,439.66",502025CA003522XXXAMB,Property,https://palmbeach.realforeclose.com//index.cfm?zaction=auction&zmethod=details&AID=502025CA003522XXXAMB&bypassPage=1,https://pcpao.gov/Parcel-Details/Property
06/11/2026 10:00 AM ET,"4414 HEMLOCK DR RIVIERA BEACH, FL- 33410","$340,587.12",,"$340,587.12",502025CA005317XXXAMB,56424225440000270,https://palmbeach.realforeclose.com//index.cfm?zaction=auction&zmethod=details&AID=502025CA005317XXXAMB&bypassPage=1,https://pcpao.gov/Parcel-Details/56424225440000270
06/11/2026 10:00 AM ET,"828 QUARTZ TER WEST PALM BEACH, FL- 33413","$450,618.53",,"$450,618.53",502025CA005588XXXAMB,00424335270000180,https://palmbeach.realforeclose.com//index.cfm?zaction=auction&zmethod=details&AID=502025CA005588XXXAMB&bypassPage=1,https://pcpao.gov/Parcel-Details/00424335270000180
06/11/2026 10:00 AM ET,"755 DATE PALM DR LAKE PARK, FL- 33403","$363,414.36",,"$363,414.36",502025CA006006XXXAMB,36434220010550250,https://palmbeach.realforeclose.com//index.cfm?zaction=auction&zmethod=details&AID=502025CA006006XXXAMB&bypassPage=1,https://pcpao.gov/Parcel-Details/36434220010550250
06/11/2026 10:00 AM ET,"327 N H ST LAKE WORTH, FL- 33460","$202,109.65",,"$202,109.65",502025CA007311XXXAMB,38434421150820190,https://palmbeach.realforeclose.com//index.cfm?zaction=auction&zmethod=details&AID=502025CA007311XXXAMB&bypassPage=1,https://pcpao.gov/Parcel-Details/38434421150820190
06/15/2026 10:00 AM ET,"17433 90TH ST N LOXAHATCHEE, FL- 33470","$190,464.56",,"$190,464.56",502025CA000880XXXAMB,00404214000005950,https://palmbeach.realforeclose.com//index.cfm?zaction=auction&zmethod=details&AID=502025CA000880XXXAMB&bypassPage=1,https://pcpao.gov/Parcel-Details/00404214000005950
06/15/2026 10:00 AM ET,"9 ATRIUM CIR A LAKE WORTH, FL- 33462","$43,640.87",,"$43,640.87",502025CA003617XXXAMB,02434431260090010,https://palmbeach.realforeclose.com//index.cfm?zaction=auction&zmethod=details&AID=502025CA003617XXXAMB&bypassPage=1,https://pcpao.gov/Parcel-Details/02434431260090010
06/15/2026 10:00 AM ET,"501 SANDPIPER WAY BOCA RATON, FL- 33431","$1,764,000.00",,"$1,764,000.00",502025CA003910XXXAMB,06434708220001030,https://palmbeach.realforeclose.com//index.cfm?zaction=auction&zmethod=details&AID=502025CA003910XXXAMB&bypassPage=1,https://pcpao.gov/Parcel-Details/06434708220001030
06/15/2026 10:00 AM ET,"5872 RAMBLER ROSE WAY WEST PALM BEACH, FL- 33415","$6,406.17",,"$6,406.17",502025CA004380XXXAMB,00424411190070140,https://palmbeach.realforeclose.com//index.cfm?zaction=auction&zmethod=details&AID=502025CA004380XXXAMB&bypassPage=1,https://pcpao.gov/Parcel-Details/00424411190070140
06/15/2026 10:00 AM ET,"1135 22ND STREET WEST PALM BEACH, FL- 33407","$233,146.10",,"$233,146.10",502025CA011381XXXAMB,Property,https://palmbeach.realforeclose.com//index.cfm?zaction=auction&zmethod=details&AID=502025CA011381XXXAMB&bypassPage=1,https://pcpao.gov/Parcel-Details/Property
06/15/2026 10:00 AM ET,"3515 VILLAGE BLVD 105 WEST PALM BEACH, FL- 33409","$267,598.72",,"$267,598.72",502025CA012197XXXAMB,74434307070031050,https://palmbeach.realforeclose.com//index.cfm?zaction=auction&zmethod=details&AID=502025CA012197XXXAMB&bypassPage=1,https://pcpao.gov/Parcel-Details/74434307070031050
06/16/2026 10:00 AM ET,"2313 N CONGRESS AVE APT 23 BOYNTON BEACH, FL- 33426","$126,859.95",,"$126,859.95",502024CA011554XXXAMB,08434518220060230,https://palmbeach.realforeclose.com//index.cfm?zaction=auction&zmethod=details&AID=502024CA011554XXXAMB&bypassPage=1,https://pcpao.gov/Parcel-Details/08434518220060230
06/17/2026 10:00 AM ET,"93 SAXONY B DELRAY BEACH, FL- 33446","$35,603.95",,"$35,603.95",502025CA000480XXXAMB,00424622090020930,https://palmbeach.realforeclose.com//index.cfm?zaction=auction&zmethod=details&AID=502025CA000480XXXAMB&bypassPage=1,https://pcpao.gov/Parcel-Details/00424622090020930
06/17/2026 10:00 AM ET,"2811 S GARDEN DR 205 LAKE WORTH, FL- 33461","$29,168.35",,"$29,168.35",502025CC011253XXXAMB,00434417490002050,https://palmbeach.realforeclose.com//index.cfm?zaction=auction&zmethod=details&AID=502025CC011253XXXAMB&bypassPage=1,https://pcpao.gov/Parcel-Details/00434417490002050
06/22/2026 10:00 AM ET,"17146 87TH LN N LOXAHATCHEE, FL- 33470","$364,936.14",,"$364,936.14",502023CA012517XXXXMB,00404223000001760,https://palmbeach.realforeclose.com//index.cfm?zaction=auction&zmethod=details&AID=502023CA012517XXXXMB&bypassPage=1,https://pcpao.gov/Parcel-Details/00404223000001760
06/22/2026 10:00 AM ET,"1009 SW 3RD AVE BOYNTON BEACH, FL- 33426","$233,168.03",,"$233,168.03",502025CA009185XXXAMB,08434529040110130,https://palmbeach.realforeclose.com//index.cfm?zaction=auction&zmethod=details&AID=502025CA009185XXXAMB&bypassPage=1,https://pcpao.gov/Parcel-Details/08434529040110130
06/22/2026 10:00 AM ET,"8824 COBBLESTONE POINT CIR BOYNTON BEACH, FL- 33472","$14,248.95",,"$14,248.95",502025CC000520XXXAMB,00424520050010210,https://palmbeach.realforeclose.com//index.cfm?zaction=auction&zmethod=details&AID=502025CC000520XXXAMB&bypassPage=1,https://pcpao.gov/Parcel-Details/00424520050010210
06/22/2026 10:00 AM ET,"150 VALENCIA G DELRAY BEACH, FL- 33446","$27,589.79",,"$27,589.79",502025CC004930XXXASB,00424622060071500,https://palmbeach.realforeclose.com//index.cfm?zaction=auction&zmethod=details&AID=502025CC004930XXXASB&bypassPage=1,https://pcpao.gov/Parcel-Details/00424622060071500
06/22/2026 10:00 AM ET,"233 SARATOGA BLVD E ROYAL PALM BEACH, FL- 33411","$8,059.30",,"$8,059.30",502025CC019696XXXAMB,72414315070130530,https://palmbeach.realforeclose.com//index.cfm?zaction=auction&zmethod=details&AID=502025CC019696XXXAMB&bypassPage=1,https://pcpao.gov/Parcel-Details/72414315070130530
06/24/2026 10:00 AM ET,"2615 N GARDEN DR 109 LAKE WORTH, FL- 33461","$39,872.10",,"$39,872.10",502025CC011255XXXAMB,00434417300001090,https://palmbeach.realforeclose.com//index.cfm?zaction=auction&zmethod=details&AID=502025CC011255XXXAMB&bypassPage=1,https://pcpao.gov/Parcel-Details/00434417300001090
06/25/2026 10:00 AM ET,"117 KINGSWOOD II F 1170 # 10 WEST PALM BEACH, FL- 33417","$92,535.91",,"$6,252,026.00",502025CA003818XXXAMB,Property,https://palmbeach.realforeclose.com//index.cfm?zaction=auction&zmethod=details&AID=502025CA003818XXXAMB&bypassPage=1,https://pcpao.gov/Parcel-Details/Property
06/25/2026 10:00 AM ET,"790 PALM TREE LN HAVERHILL, FL- 33415","$421,601.55",,"$421,601.55",502025CA006240XXXAMB,22424336270000140,https://palmbeach.realforeclose.com//index.cfm?zaction=auction&zmethod=details&AID=502025CA006240XXXAMB&bypassPage=1,https://pcpao.gov/Parcel-Details/22424336270000140
06/25/2026 10:00 AM ET,"518 GARDENIA TER DELRAY BEACH, FL- 33444","$1,888,042.06","$1,270,201.00",Hidden,502025CA009993XXXAMB,12434608190040110,https://palmbeach.realforeclose.com//index.cfm?zaction=auction&zmethod=details&AID=502025CA009993XXXAMB&bypassPage=1,https://pcpao.gov/Parcel-Details/12434608190040110
06/29/2026 10:00 AM ET,"10898 LAKE WYNDS CT BOYNTON BEACH, FL- 33437","$599,969.90",,"$599,969.90",502024CA000461XXXAMB,00424527150000360,https://palmbeach.realforeclose.com//index.cfm?zaction=auction&zmethod=details&AID=502024CA000461XXXAMB&bypassPage=1,https://pcpao.gov/Parcel-Details/00424527150000360
06/29/2026 10:00 AM ET,"2791 VILLAGE BLVD 104 WEST PALM BEACH, FL- 33409","$117,727.77",,"$117,727.77",502025CA004771XXXAMB,74434307070081040,https://palmbeach.realforeclose.com//index.cfm?zaction=auction&zmethod=details&AID=502025CA004771XXXAMB&bypassPage=1,https://pcpao.gov/Parcel-Details/74434307070081040
06/29/2026 10:00 AM ET,"129 COUNTRY CLUB WAY ROYAL PALM BEACH, FL- 33411","$592,195.28",,"$592,195.28",502025CA007512XXXAMB,72414323200000150,https://palmbeach.realforeclose.com//index.cfm?zaction=auction&zmethod=details&AID=502025CA007512XXXAMB&bypassPage=1,https://pcpao.gov/Parcel-Details/72414323200000150
06/29/2026 10:00 AM ET,"7706 LARKSPUR LN WEST PALM BEACH, FL- 33412","$180,639.46",,"$180,639.46",502025CA010301XXXAMB,74414225070000700,https://palmbeach.realforeclose.com//index.cfm?zaction=auction&zmethod=details&AID=502025CA010301XXXAMB&bypassPage=1,https://pcpao.gov/Parcel-Details/74414225070000700
06/29/2026 10:00 AM ET,"1151 SEPIA LN LAKE WORTH, FL- 33461","$14,245.48",,"$14,245.48",502025CC010048XXXAMB,38434420360000210,https://palmbeach.realforeclose.com//index.cfm?zaction=auction&zmethod=details&AID=502025CC010048XXXAMB&bypassPage=1,https://pcpao.gov/Parcel-Details/38434420360000210
07/02/2026 10:00 AM ET,"7065 CATALINA ISLE DR LAKE WORTH, FL- 33467","$398,278.49",,"$398,278.49",502023CA010036XXXXMB,00424509100000120,https://palmbeach.realforeclose.com//index.cfm?zaction=auction&zmethod=details&AID=502023CA010036XXXXMB&bypassPage=1,https://pcpao.gov/Parcel-Details/00424509100000120
07/02/2026 10:00 AM ET,"7065 CATALINA ISLE DR LAKE WORTH, FL- 33467","$398,278.49","$561,306.00","$398,278.49",502023CA010036XXXXMB,00424509100000120,https://palmbeach.realforeclose.com//index.cfm?zaction=auction&zmethod=details&AID=502023CA010036XXXXMB&bypassPage=1,https://pcpao.gov/Parcel-Details/00424509100000120
07/02/2026 10:00 AM ET,"8635 GRAND PRIX LN BOYNTON BEACH, FL- 33472","$106,494.87","$1,010,104.00","$106,494.87",502024CA008808XXXAMB,00424517100000500,https://palmbeach.realforeclose.com//index.cfm?zaction=auction&zmethod=details&AID=502024CA008808XXXAMB&bypassPage=1,https://pcpao.gov/Parcel-Details/00424517100000500
07/06/2026 10:00 AM ET,"5315 10TH FAIRWAY DR 2 DELRAY BEACH, FL- 33484","$65,335.04",,"$65,335.04",502024CC012528XXXAMB,00424626140020020,https://palmbeach.realforeclose.com//index.cfm?zaction=auction&zmethod=details&AID=502024CC012528XXXAMB&bypassPage=1,https://pcpao.gov/Parcel-Details/00424626140020020
07/06/2026 10:00 AM ET,"2625 WEST WAY RIVIERA BEACH, FL- 33404","$523,265.56",,"$523,265.56",502025CA008709XXXAMB,56434227040005140,https://palmbeach.realforeclose.com//index.cfm?zaction=auction&zmethod=details&AID=502025CA008709XXXAMB&bypassPage=1,https://pcpao.gov/Parcel-Details/56434227040005140
07/07/2026 10:00 AM ET,"1331 PEBBLE RIDGE LN WEST PALM BEACH, FL- 33411","$67,722.02",,"$67,722.02",502025CA001688XXXAMB,00424407010000190,https://palmbeach.realforeclose.com//index.cfm?zaction=auction&zmethod=details&AID=502025CA001688XXXAMB&bypassPage=1,https://pcpao.gov/Parcel-Details/00424407010000190
07/07/2026 10:00 AM ET,"300 S AUSTRALIAN AVE 611 WEST PALM BEACH, FL- 33401","$40,620.77",,"$40,620.77",502025CA007261XXXAMB,74434321260000611,https://palmbeach.realforeclose.com//index.cfm?zaction=auction&zmethod=details&AID=502025CA007261XXXAMB&bypassPage=1,https://pcpao.gov/Parcel-Details/74434321260000611
07/07/2026 10:00 AM ET,"1754 PIERSIDE CIR WELLINGTON, FL- 33414","$15,840.23",,"$15,840.23",502025CA007679XXXAMB,73414410260000190,https://palmbeach.realforeclose.com//index.cfm?zaction=auction&zmethod=details&AID=502025CA007679XXXAMB&bypassPage=1,https://pcpao.gov/Parcel-Details/73414410260000190
07/09/2026 10:00 AM ET,"3664 ALDER DR F1 WEST PALM BEACH, FL- 33417","$250,630.97",,"$250,630.97",502025CA001709XXXAMB,00424313121230061,https://palmbeach.realforeclose.com//index.cfm?zaction=auction&zmethod=details&AID=502025CA001709XXXAMB&bypassPage=1,https://pcpao.gov/Parcel-Details/00424313121230061
07/09/2026 10:00 AM ET,"2820 TENNIS CLUB DR 205 WEST PALM BEACH, FL- 33417","$27,226.32",,"$27,226.32",502025CA002811XXXAMB,00424324160012080,https://palmbeach.realforeclose.com//index.cfm?zaction=auction&zmethod=details&AID=502025CA002811XXXAMB&bypassPage=1,https://pcpao.gov/Parcel-Details/00424324160012080
07/09/2026 10:00 AM ET,"207 ANHINGA LN JUPITER, FL- 33458","$89,261.70",,"$89,261.70",502025CA005722XXXAMB,30424115020000130,https://palmbeach.realforeclose.com//index.cfm?zaction=auction&zmethod=details&AID=502025CA005722XXXAMB&bypassPage=1,https://pcpao.gov/Parcel-Details/30424115020000130
07/09/2026 10:00 AM ET,"3997 ISLAND CLUB DR LAKE WORTH, FL- 33462","$297,029.17",,"$297,029.17",502025CA008552XXXAMB,00434439020000390,https://palmbeach.realforeclose.com//index.cfm?zaction=auction&zmethod=details&AID=502025CA008552XXXAMB&bypassPage=1,https://pcpao.gov/Parcel-Details/00434439020000390
07/13/2026 10:00 AM ET,"1015 NE 3RD ST BELLE GLADE, FL- 33430","$207,254.40",,"$207,254.40",502024CA003222XXXAMB,04374332160000060,https://palmbeach.realforeclose.com//index.cfm?zaction=auction&zmethod=details&AID=502024CA003222XXXAMB&bypassPage=1,https://pcpao.gov/Parcel-Details/04374332160000060
07/13/2026 10:00 AM ET,"169 SEVILLE H DELRAY BEACH, FL- 33446","$191,980.68",,"$191,980.68",502025CA007181XXXAMB,00424622030081690,https://palmbeach.realforeclose.com//index.cfm?zaction=auction&zmethod=details&AID=502025CA007181XXXAMB&bypassPage=1,https://pcpao.gov/Parcel-Details/00424622030081690
07/13/2026 10:00 AM ET,"229 MONACO E DELRAY BEACH, FL- 33446","$167,772.80",,"$167,772.80",502025CA007181XXXAMB,00424622080052290,https://palmbeach.realforeclose.com//index.cfm?zaction=auction&zmethod=details&AID=502025CA007181XXXAMB&bypassPage=1,https://pcpao.gov/Parcel-Details/00424622080052290
07/13/2026 10:00 AM ET,"625 FLANDERS N DELRAY BEACH, FL- 33484","$157,472.43",,"$157,472.43",502025CA007181XXXAMB,00424622100146250,https://palmbeach.realforeclose.com//index.cfm?zaction=auction&zmethod=details&AID=502025CA007181XXXAMB&bypassPage=1,https://pcpao.gov/Parcel-Details/00424622100146250
07/15/2026 10:00 AM ET,"10960 STAFFORD CIR S BOYNTON BEACH, FL- 33436","$14,135.77",,"$14,135.77",502025CA008794XXXAMB,00424525110001040,https://palmbeach.realforeclose.com//index.cfm?zaction=auction&zmethod=details&AID=502025CA008794XXXAMB&bypassPage=1,https://pcpao.gov/Parcel-Details/00424525110001040
07/22/2026 10:00 AM ET,"7791 BRIDLINGTON DR BOYNTON BEACH, FL- 33472","$30,250.79",,"$30,250.79",502025CA004575XXXAMB,00424516070000650,https://palmbeach.realforeclose.com//index.cfm?zaction=auction&zmethod=details&AID=502025CA004575XXXAMB&bypassPage=1,https://pcpao.gov/Parcel-Details/00424516070000650
07/22/2026 10:00 AM ET,"6198 RIVERWALK LN 1 JUPITER, FL- 33458","$69,388.67",,"$69,388.67",502025CA010811XXXAMB,30424103200430010,https://palmbeach.realforeclose.com//index.cfm?zaction=auction&zmethod=details&AID=502025CA010811XXXAMB&bypassPage=1,https://pcpao.gov/Parcel-Details/30424103200430010
07/23/2026 10:00 AM ET,"6461 NW 2ND AVE 4110 BOCA RATON, FL- 33487","$186,804.08",,"$186,804.08",502025CA004084XXXAMB,06434705140004110,https://palmbeach.realforeclose.com//index.cfm?zaction=auction&zmethod=details&AID=502025CA004084XXXAMB&bypassPage=1,https://pcpao.gov/Parcel-Details/06434705140004110
07/23/2026 10:00 AM ET,"10150 YEOMAN LN ROYAL PALM BEACH, FL- 33411","$151,207.01",,"$151,207.01",502025CA008521XXXAMB,72414325060004950,https://palmbeach.realforeclose.com//index.cfm?zaction=auction&zmethod=details&AID=502025CA008521XXXAMB&bypassPage=1,https://pcpao.gov/Parcel-Details/72414325060004950
07/27/2026 10:00 AM ET,"506 W 1ST ST RIVIERA BEACH, FL- 33404","$244,646.71",,"$244,646.71",502024CA007243XXXAMB,56434233110002110,https://palmbeach.realforeclose.com//index.cfm?zaction=auction&zmethod=details&AID=502024CA007243XXXAMB&bypassPage=1,https://pcpao.gov/Parcel-Details/56434233110002110
07/27/2026 10:00 AM ET,"402 NE 10TH TER BOCA RATON, FL- 33432","$360,876.01",,"$360,876.01",502025CA001820XXXAMB,Property,https://palmbeach.realforeclose.com//index.cfm?zaction=auction&zmethod=details&AID=502025CA001820XXXAMB&bypassPage=1,https://pcpao.gov/Parcel-Details/Property
07/28/2026 10:00 AM ET,"516 OSPREY DR 15-A DELRAY BEACH, FL- 33444","$100,035.07",,"$100,035.07",502025CA011098XXXAMB,12434629130030151,https://palmbeach.realforeclose.com//index.cfm?zaction=auction&zmethod=details&AID=502025CA011098XXXAMB&bypassPage=1,https://pcpao.gov/Parcel-Details/12434629130030151
08/04/2026 10:00 AM ET,"6162 BAY ISLES DR BOYNTON BEACH, FL- 33437","$13,917.41",,"$13,917.41",502025CC014766XXXAMB,00424603020001090,https://palmbeach.realforeclose.com//index.cfm?zaction=auction&zmethod=details&AID=502025CC014766XXXAMB&bypassPage=1,https://pcpao.gov/Parcel-Details/00424603020001090
08/06/2026 10:00 AM ET,"1261 W 3RD ST RIVIERA BEACH, FL- 33404","$54,454.12",,"$54,454.12",502025CA005726XXXAMB,56434232090007160,https://palmbeach.realforeclose.com//index.cfm?zaction=auction&zmethod=details&AID=502025CA005726XXXAMB&bypassPage=1,https://pcpao.gov/Parcel-Details/56434232090007160
08/06/2026 10:00 AM ET,"18020 46TH COURT NORTH LOXAHATCHEE, FL- 33470","$331,131.02",,"$331,131.02",502025CA008442XXXAMB,Property,https://palmbeach.realforeclose.com//index.cfm?zaction=auction&zmethod=details&AID=502025CA008442XXXAMB&bypassPage=1,https://pcpao.gov/Parcel-Details/Property
08/10/2026 10:00 AM ET,"902 S SEACREST BLVD BOYNTON BEACH, FL- 33435","$687,541.07",,"$687,541.07",502025CA003333XXXAMB,08434528120200110,https://palmbeach.realforeclose.com//index.cfm?zaction=auction&zmethod=details&AID=502025CA003333XXXAMB&bypassPage=1,https://pcpao.gov/Parcel-Details/08434528120200110
08/10/2026 10:00 AM ET,"760 E OCEAN AVE 203 BOYNTON BEACH, FL- 33435","$277,553.67",,"$277,553.67",502025CA005366XXXAMB,08434527450032030,https://palmbeach.realforeclose.com//index.cfm?zaction=auction&zmethod=details&AID=502025CA005366XXXAMB&bypassPage=1,https://pcpao.gov/Parcel-Details/08434527450032030
08/17/2026 10:00 AM ET,"703 LOCHWICK TER PALM BEACH GARDENS, FL- LF 33418","$13,666.37",,"$13,666.37",502025CA011510XXXAMB,52424210100030110,https://palmbeach.realforeclose.com//index.cfm?zaction=auction&zmethod=details&AID=502025CA011510XXXAMB&bypassPage=1,https://pcpao.gov/Parcel-Details/52424210100030110
08/20/2026 10:00 AM ET,"87 PHEASANT RUN BLVD WEST PALM BEACH, FL- 33415","$354,151.21",,"$354,151.21",502025CA008124XXXAMB,00424402310001090,https://palmbeach.realforeclose.com//index.cfm?zaction=auction&zmethod=details&AID=502025CA008124XXXAMB&bypassPage=1,https://pcpao.gov/Parcel-Details/00424402310001090
08/20/2026 10:00 AM ET,"13052 COMPTON RD LOXAHATCHEE, FL- 33470","$917,051.29",,"$917,051.29",502025CA012662XXXAMB,Property,https://palmbeach.realforeclose.com//index.cfm?zaction=auction&zmethod=details&AID=502025CA012662XXXAMB&bypassPage=1,https://pcpao.gov/Parcel-Details/Property
08/24/2026 10:00 AM ET,"618 GARDENIA TER DELRAY BEACH, FL- 33444","$532,655.84",,"$532,655.84",502025CA000861XXXAMB,12434608190010080,https://palmbeach.realforeclose.com//index.cfm?zaction=auction&zmethod=details&AID=502025CA000861XXXAMB&bypassPage=1,https://pcpao.gov/Parcel-Details/12434608190010080
08/24/2026 10:00 AM ET,"9393 CASCADE CT BOYNTON BEACH, FL- 33437","$434,692.96",,"$434,692.96",502025CA004424XXXAMB,00424522110000390,https://palmbeach.realforeclose.com//index.cfm?zaction=auction&zmethod=details&AID=502025CA004424XXXAMB&bypassPage=1,https://pcpao.gov/Parcel-Details/00424522110000390
08/26/2026 10:00 AM ET,"16298 90TH ST N LOXAHATCHEE, FL- 33470","$582,791.10",,"$582,791.10",502025CA008509XXXAMB,00404213000006120,https://palmbeach.realforeclose.com//index.cfm?zaction=auction&zmethod=details&AID=502025CA008509XXXAMB&bypassPage=1,https://pcpao.gov/Parcel-Details/00404213000006120
09/08/2026 10:00 AM ET,"2513 NW 4TH CT BOYNTON BEACH, FL- 33426","$194,133.00",,"$194,133.00",502025CA001782XXXAMB,08434516370190070,https://palmbeach.realforeclose.com//index.cfm?zaction=auction&zmethod=details&AID=502025CA001782XXXAMB&bypassPage=1,https://pcpao.gov/Parcel-Details/08434516370190070
09/08/2026 10:00 AM ET,"13651 EXOTICA LN WELLINGTON, FL- 33414","$367,313.92",,"$367,313.92",502025CA010082XXXAMB,73414404010480010,https://palmbeach.realforeclose.com//index.cfm?zaction=auction&zmethod=details&AID=502025CA010082XXXAMB&bypassPage=1,https://pcpao.gov/Parcel-Details/73414404010480010
09/22/2026 10:00 AM ET,"1080 STERLING PINE PLACE LOXAHATCHEE, FL- 33470","$807,448.10",,"$807,448.10",502025CA003966XXXAMB,Property,https://palmbeach.realforeclose.com//index.cfm?zaction=auction&zmethod=details&AID=502025CA003966XXXAMB&bypassPage=1,https://pcpao.gov/Parcel-Details/Property
